Client Count CSCI B-02
Generated: 2016-Jul-18, 09:03:59 GMT+00:00
Report By: Floor Area
Connection Protocol/SSID: All Clients/All SSIDs
Reporting Period: Last 1 hour
 
Total Client Count
Total Count,Event Time,Associated Client Count,Authenticated Client Count
total,Mon Jul 18 08:02:45 GMT+00:00 2016,0,0
total,Mon Jul 18 08:07:41 GMT+00:00 2016,0,0
total,Mon Jul 18 08:12:39 GMT+00:00 2016,0,0
total,Mon Jul 18 08:17:41 GMT+00:00 2016,0,0
total,Mon Jul 18 08:23:04 GMT+00:00 2016,0,0
total,Mon Jul 18 08:27:30 GMT+00:00 2016,0,0
total,Mon Jul 18 08:32:37 GMT+00:00 2016,0,0
total,Mon Jul 18 08:37:42 GMT+00:00 2016,0,0
total,Mon Jul 18 08:42:36 GMT+00:00 2016,0,0
total,Mon Jul 18 08:47:35 GMT+00:00 2016,0,0
total,Mon Jul 18 08:52:40 GMT+00:00 2016,0,0
total,Mon Jul 18 08:57:40 GMT+00:00 2016,0,0
Client Count
Key,Event Time,Associated Client Count,Authenticated Client Count
Belfield > Computer Science > B-002,Mon Jul 18 08:02:45 GMT+00:00 2016,0,0
Belfield > Computer Science > B-002,Mon Jul 18 08:07:41 GMT+00:00 2016,0,0
Belfield > Computer Science > B-002,Mon Jul 18 08:12:39 GMT+00:00 2016,0,0
Belfield > Computer Science > B-002,Mon Jul 18 08:17:41 GMT+00:00 2016,0,0
Belfield > Computer Science > B-002,Mon Jul 18 08:23:04 GMT+00:00 2016,0,0
Belfield > Computer Science > B-002,Mon Jul 18 08:27:30 GMT+00:00 2016,0,0
Belfield > Computer Science > B-002,Mon Jul 18 08:32:37 GMT+00:00 2016,0,0
Belfield > Computer Science > B-002,Mon Jul 18 08:37:42 GMT+00:00 2016,0,0
Belfield > Computer Science > B-002,Mon Jul 18 08:42:36 GMT+00:00 2016,0,0
Belfield > Computer Science > B-002,Mon Jul 18 08:47:35 GMT+00:00 2016,0,0
Belfield > Computer Science > B-002,Mon Jul 18 08:52:40 GMT+00:00 2016,0,0
Belfield > Computer Science > B-002,Mon Jul 18 08:57:40 GMT+00:00 2016,0,0
