Client Count CSCI B-04
Generated: 2016-Jul-18, 20:00:01 GMT+00:00
Report By: Floor Area
Connection Protocol/SSID: All Clients/All SSIDs
Reporting Period: Last 1 hour
 
Total Client Count
Total Count,Event Time,Associated Client Count,Authenticated Client Count
total,Mon Jul 18 19:00:48 GMT+00:00 2016,0,0
total,Mon Jul 18 19:05:49 GMT+00:00 2016,0,0
total,Mon Jul 18 19:10:47 GMT+00:00 2016,0,0
total,Mon Jul 18 19:15:48 GMT+00:00 2016,0,0
total,Mon Jul 18 19:21:17 GMT+00:00 2016,0,0
total,Mon Jul 18 19:26:00 GMT+00:00 2016,0,0
total,Mon Jul 18 19:30:48 GMT+00:00 2016,0,0
total,Mon Jul 18 19:35:47 GMT+00:00 2016,0,0
total,Mon Jul 18 19:40:46 GMT+00:00 2016,0,0
total,Mon Jul 18 19:45:47 GMT+00:00 2016,0,0
total,Mon Jul 18 19:50:47 GMT+00:00 2016,0,0
total,Mon Jul 18 19:55:47 GMT+00:00 2016,0,0
Client Count
Key,Event Time,Associated Client Count,Authenticated Client Count
Belfield > Computer Science > B-004,Mon Jul 18 19:00:48 GMT+00:00 2016,0,0
Belfield > Computer Science > B-004,Mon Jul 18 19:05:49 GMT+00:00 2016,0,0
Belfield > Computer Science > B-004,Mon Jul 18 19:10:47 GMT+00:00 2016,0,0
Belfield > Computer Science > B-004,Mon Jul 18 19:15:48 GMT+00:00 2016,0,0
Belfield > Computer Science > B-004,Mon Jul 18 19:21:17 GMT+00:00 2016,0,0
Belfield > Computer Science > B-004,Mon Jul 18 19:26:00 GMT+00:00 2016,0,0
Belfield > Computer Science > B-004,Mon Jul 18 19:30:48 GMT+00:00 2016,0,0
Belfield > Computer Science > B-004,Mon Jul 18 19:35:47 GMT+00:00 2016,0,0
Belfield > Computer Science > B-004,Mon Jul 18 19:40:46 GMT+00:00 2016,0,0
Belfield > Computer Science > B-004,Mon Jul 18 19:45:47 GMT+00:00 2016,0,0
Belfield > Computer Science > B-004,Mon Jul 18 19:50:47 GMT+00:00 2016,0,0
Belfield > Computer Science > B-004,Mon Jul 18 19:55:47 GMT+00:00 2016,0,0
