Client Count CSCI B-03
Generated: 2016-Jul-18, 18:01:16 GMT+00:00
Report By: Floor Area
Connection Protocol/SSID: All Clients/All SSIDs
Reporting Period: Last 1 hour
 
Total Client Count
Total Count,Event Time,Associated Client Count,Authenticated Client Count
total,Mon Jul 18 17:00:22 GMT+00:00 2016,4,4
total,Mon Jul 18 17:05:30 GMT+00:00 2016,4,4
total,Mon Jul 18 17:10:20 GMT+00:00 2016,6,6
total,Mon Jul 18 17:15:23 GMT+00:00 2016,6,6
total,Mon Jul 18 17:20:23 GMT+00:00 2016,4,4
total,Mon Jul 18 17:25:28 GMT+00:00 2016,0,0
total,Mon Jul 18 17:30:26 GMT+00:00 2016,0,0
total,Mon Jul 18 17:35:27 GMT+00:00 2016,0,0
total,Mon Jul 18 17:40:27 GMT+00:00 2016,0,0
total,Mon Jul 18 17:45:33 GMT+00:00 2016,0,0
total,Mon Jul 18 17:50:31 GMT+00:00 2016,0,0
total,Mon Jul 18 17:55:33 GMT+00:00 2016,0,0
Client Count
Key,Event Time,Associated Client Count,Authenticated Client Count
Belfield > Computer Science > B-003,Mon Jul 18 17:00:22 GMT+00:00 2016,4,4
Belfield > Computer Science > B-003,Mon Jul 18 17:05:30 GMT+00:00 2016,4,4
Belfield > Computer Science > B-003,Mon Jul 18 17:10:20 GMT+00:00 2016,6,6
Belfield > Computer Science > B-003,Mon Jul 18 17:15:23 GMT+00:00 2016,6,6
Belfield > Computer Science > B-003,Mon Jul 18 17:20:23 GMT+00:00 2016,4,4
Belfield > Computer Science > B-003,Mon Jul 18 17:25:28 GMT+00:00 2016,0,0
Belfield > Computer Science > B-003,Mon Jul 18 17:30:26 GMT+00:00 2016,0,0
Belfield > Computer Science > B-003,Mon Jul 18 17:35:27 GMT+00:00 2016,0,0
Belfield > Computer Science > B-003,Mon Jul 18 17:40:27 GMT+00:00 2016,0,0
Belfield > Computer Science > B-003,Mon Jul 18 17:45:33 GMT+00:00 2016,0,0
Belfield > Computer Science > B-003,Mon Jul 18 17:50:31 GMT+00:00 2016,0,0
Belfield > Computer Science > B-003,Mon Jul 18 17:55:33 GMT+00:00 2016,0,0
