Client Count CSCI B-04
Generated: 2016-Jul-18, 23:00:07 GMT+00:00
Report By: Floor Area
Connection Protocol/SSID: All Clients/All SSIDs
Reporting Period: Last 1 hour
 
Total Client Count
Total Count,Event Time,Associated Client Count,Authenticated Client Count
total,Mon Jul 18 22:00:41 GMT+00:00 2016,0,0
total,Mon Jul 18 22:06:36 GMT+00:00 2016,0,0
total,Mon Jul 18 22:11:24 GMT+00:00 2016,0,0
total,Mon Jul 18 22:16:21 GMT+00:00 2016,0,0
total,Mon Jul 18 22:21:23 GMT+00:00 2016,0,0
total,Mon Jul 18 22:26:23 GMT+00:00 2016,0,0
total,Mon Jul 18 22:31:28 GMT+00:00 2016,0,0
total,Mon Jul 18 22:36:26 GMT+00:00 2016,0,0
total,Mon Jul 18 22:41:25 GMT+00:00 2016,0,0
total,Mon Jul 18 22:46:31 GMT+00:00 2016,0,0
total,Mon Jul 18 22:51:28 GMT+00:00 2016,0,0
total,Mon Jul 18 22:56:31 GMT+00:00 2016,0,0
Client Count
Key,Event Time,Associated Client Count,Authenticated Client Count
Belfield > Computer Science > B-004,Mon Jul 18 22:00:41 GMT+00:00 2016,0,0
Belfield > Computer Science > B-004,Mon Jul 18 22:06:36 GMT+00:00 2016,0,0
Belfield > Computer Science > B-004,Mon Jul 18 22:11:24 GMT+00:00 2016,0,0
Belfield > Computer Science > B-004,Mon Jul 18 22:16:21 GMT+00:00 2016,0,0
Belfield > Computer Science > B-004,Mon Jul 18 22:21:23 GMT+00:00 2016,0,0
Belfield > Computer Science > B-004,Mon Jul 18 22:26:23 GMT+00:00 2016,0,0
Belfield > Computer Science > B-004,Mon Jul 18 22:31:28 GMT+00:00 2016,0,0
Belfield > Computer Science > B-004,Mon Jul 18 22:36:26 GMT+00:00 2016,0,0
Belfield > Computer Science > B-004,Mon Jul 18 22:41:25 GMT+00:00 2016,0,0
Belfield > Computer Science > B-004,Mon Jul 18 22:46:31 GMT+00:00 2016,0,0
Belfield > Computer Science > B-004,Mon Jul 18 22:51:28 GMT+00:00 2016,0,0
Belfield > Computer Science > B-004,Mon Jul 18 22:56:31 GMT+00:00 2016,0,0
