Client Count CSCI B-02
Generated: 2016-Jul-18, 06:00:00 GMT+00:00
Report By: Floor Area
Connection Protocol/SSID: All Clients/All SSIDs
Reporting Period: Last 1 hour
 
Total Client Count
Total Count,Event Time,Associated Client Count,Authenticated Client Count
total,Mon Jul 18 05:01:09 GMT+00:00 2016,0,0
total,Mon Jul 18 05:06:07 GMT+00:00 2016,0,0
total,Mon Jul 18 05:11:06 GMT+00:00 2016,0,0
total,Mon Jul 18 05:16:07 GMT+00:00 2016,0,0
total,Mon Jul 18 05:21:08 GMT+00:00 2016,0,0
total,Mon Jul 18 05:26:11 GMT+00:00 2016,0,0
total,Mon Jul 18 05:31:09 GMT+00:00 2016,0,0
total,Mon Jul 18 05:36:13 GMT+00:00 2016,0,0
total,Mon Jul 18 05:41:14 GMT+00:00 2016,0,0
total,Mon Jul 18 05:46:19 GMT+00:00 2016,0,0
total,Mon Jul 18 05:51:22 GMT+00:00 2016,0,0
total,Mon Jul 18 05:56:25 GMT+00:00 2016,0,0
Client Count
Key,Event Time,Associated Client Count,Authenticated Client Count
Belfield > Computer Science > B-002,Mon Jul 18 05:01:09 GMT+00:00 2016,0,0
Belfield > Computer Science > B-002,Mon Jul 18 05:06:07 GMT+00:00 2016,0,0
Belfield > Computer Science > B-002,Mon Jul 18 05:11:06 GMT+00:00 2016,0,0
Belfield > Computer Science > B-002,Mon Jul 18 05:16:07 GMT+00:00 2016,0,0
Belfield > Computer Science > B-002,Mon Jul 18 05:21:08 GMT+00:00 2016,0,0
Belfield > Computer Science > B-002,Mon Jul 18 05:26:11 GMT+00:00 2016,0,0
Belfield > Computer Science > B-002,Mon Jul 18 05:31:09 GMT+00:00 2016,0,0
Belfield > Computer Science > B-002,Mon Jul 18 05:36:13 GMT+00:00 2016,0,0
Belfield > Computer Science > B-002,Mon Jul 18 05:41:14 GMT+00:00 2016,0,0
Belfield > Computer Science > B-002,Mon Jul 18 05:46:19 GMT+00:00 2016,0,0
Belfield > Computer Science > B-002,Mon Jul 18 05:51:22 GMT+00:00 2016,0,0
Belfield > Computer Science > B-002,Mon Jul 18 05:56:25 GMT+00:00 2016,0,0
