Client Count CSCI B-02
Generated: 2016-Jul-18, 00:00:02 GMT+00:00
Report By: Floor Area
Connection Protocol/SSID: All Clients/All SSIDs
Reporting Period: Last 1 hour
 
Total Client Count
Total Count,Event Time,Associated Client Count,Authenticated Client Count
total,Sun Jul 17 23:04:45 GMT+00:00 2016,0,0
total,Sun Jul 17 23:09:53 GMT+00:00 2016,0,0
total,Sun Jul 17 23:14:51 GMT+00:00 2016,0,0
total,Sun Jul 17 23:19:47 GMT+00:00 2016,0,0
total,Sun Jul 17 23:24:46 GMT+00:00 2016,0,0
total,Sun Jul 17 23:29:44 GMT+00:00 2016,0,0
total,Sun Jul 17 23:34:45 GMT+00:00 2016,0,0
total,Sun Jul 17 23:39:46 GMT+00:00 2016,0,0
total,Sun Jul 17 23:44:48 GMT+00:00 2016,0,0
total,Sun Jul 17 23:49:49 GMT+00:00 2016,0,0
total,Sun Jul 17 23:54:49 GMT+00:00 2016,0,0
Client Count
Key,Event Time,Associated Client Count,Authenticated Client Count
Belfield > Computer Science > B-002,Sun Jul 17 23:04:45 GMT+00:00 2016,0,0
Belfield > Computer Science > B-002,Sun Jul 17 23:09:53 GMT+00:00 2016,0,0
Belfield > Computer Science > B-002,Sun Jul 17 23:14:51 GMT+00:00 2016,0,0
Belfield > Computer Science > B-002,Sun Jul 17 23:19:47 GMT+00:00 2016,0,0
Belfield > Computer Science > B-002,Sun Jul 17 23:24:46 GMT+00:00 2016,0,0
Belfield > Computer Science > B-002,Sun Jul 17 23:29:44 GMT+00:00 2016,0,0
Belfield > Computer Science > B-002,Sun Jul 17 23:34:45 GMT+00:00 2016,0,0
Belfield > Computer Science > B-002,Sun Jul 17 23:39:46 GMT+00:00 2016,0,0
Belfield > Computer Science > B-002,Sun Jul 17 23:44:48 GMT+00:00 2016,0,0
Belfield > Computer Science > B-002,Sun Jul 17 23:49:49 GMT+00:00 2016,0,0
Belfield > Computer Science > B-002,Sun Jul 17 23:54:49 GMT+00:00 2016,0,0
