Client Count CSCI B-02
Generated: 2016-Jul-18, 03:00:02 GMT+00:00
Report By: Floor Area
Connection Protocol/SSID: All Clients/All SSIDs
Reporting Period: Last 1 hour
 
Total Client Count
Total Count,Event Time,Associated Client Count,Authenticated Client Count
total,Mon Jul 18 02:00:24 GMT+00:00 2016,0,0
total,Mon Jul 18 02:05:28 GMT+00:00 2016,0,0
total,Mon Jul 18 02:10:31 GMT+00:00 2016,0,0
total,Mon Jul 18 02:15:33 GMT+00:00 2016,0,0
total,Mon Jul 18 02:20:36 GMT+00:00 2016,0,0
total,Mon Jul 18 02:25:33 GMT+00:00 2016,0,0
total,Mon Jul 18 02:30:36 GMT+00:00 2016,0,0
total,Mon Jul 18 02:35:39 GMT+00:00 2016,0,0
total,Mon Jul 18 02:40:42 GMT+00:00 2016,0,0
total,Mon Jul 18 02:45:39 GMT+00:00 2016,0,0
total,Mon Jul 18 02:50:41 GMT+00:00 2016,0,0
total,Mon Jul 18 02:55:38 GMT+00:00 2016,0,0
Client Count
Key,Event Time,Associated Client Count,Authenticated Client Count
Belfield > Computer Science > B-002,Mon Jul 18 02:00:24 GMT+00:00 2016,0,0
Belfield > Computer Science > B-002,Mon Jul 18 02:05:28 GMT+00:00 2016,0,0
Belfield > Computer Science > B-002,Mon Jul 18 02:10:31 GMT+00:00 2016,0,0
Belfield > Computer Science > B-002,Mon Jul 18 02:15:33 GMT+00:00 2016,0,0
Belfield > Computer Science > B-002,Mon Jul 18 02:20:36 GMT+00:00 2016,0,0
Belfield > Computer Science > B-002,Mon Jul 18 02:25:33 GMT+00:00 2016,0,0
Belfield > Computer Science > B-002,Mon Jul 18 02:30:36 GMT+00:00 2016,0,0
Belfield > Computer Science > B-002,Mon Jul 18 02:35:39 GMT+00:00 2016,0,0
Belfield > Computer Science > B-002,Mon Jul 18 02:40:42 GMT+00:00 2016,0,0
Belfield > Computer Science > B-002,Mon Jul 18 02:45:39 GMT+00:00 2016,0,0
Belfield > Computer Science > B-002,Mon Jul 18 02:50:41 GMT+00:00 2016,0,0
Belfield > Computer Science > B-002,Mon Jul 18 02:55:38 GMT+00:00 2016,0,0
